--信息编码
Insert into CM_0501T (MESG_SEQ,BUNDLE_NM,LANG_CD,CNTRY_CD,MESG_KEY,MESG_TXT,LST_UPDT_DT,REG_USR_ID,REG_DT,UPDT_USR_ID,UPDT_DT,USE_YN) values (6745917,'title','ko',null,'wac.title.SpecialRequest','???? ??? ?? ??',SYSDATE,'admin',SYSDATE,null,null,'Y');
Insert into CM_0501T (MESG_SEQ,BUNDLE_NM,LANG_CD,CNTRY_CD,MESG_KEY,MESG_TXT,LST_UPDT_DT,REG_USR_ID,REG_DT,UPDT_USR_ID,UPDT_DT,USE_YN) values (6745926,'label','en',null,'wac.lbl.reqDt','reqDt',SYSDATE,'admin',SYSDATE,null,null,'Y');
Insert into CM_0501T (MESG_SEQ,BUNDLE_NM,LANG_CD,CNTRY_CD,MESG_KEY,MESG_TXT,LST_UPDT_DT,REG_USR_ID,REG_DT,UPDT_USR_ID,UPDT_DT,USE_YN) values (6745915,'title','zh',null,'wac.title.SpecialRequest','保修工单确认申请',SYSDATE,'admin',SYSDATE,null,null,'Y');
Insert into CM_0501T (MESG_SEQ,BUNDLE_NM,LANG_CD,CNTRY_CD,MESG_KEY,MESG_TXT,LST_UPDT_DT,REG_USR_ID,REG_DT,UPDT_USR_ID,UPDT_DT,USE_YN) values (6745920,'title','ko',null,'wac.title.message','?? ?? ??',SYSDATE,'admin',SYSDATE,null,null,'Y');
Insert into CM_0501T (MESG_SEQ,BUNDLE_NM,LANG_CD,CNTRY_CD,MESG_KEY,MESG_TXT,LST_UPDT_DT,REG_USR_ID,REG_DT,UPDT_USR_ID,UPDT_DT,USE_YN) values (6745921,'label','zh',null,'wac.lbl.roDt','开单日期',SYSDATE,'admin',SYSDATE,null,null,'Y');
Insert into CM_0501T (MESG_SEQ,BUNDLE_NM,LANG_CD,CNTRY_CD,MESG_KEY,MESG_TXT,LST_UPDT_DT,REG_USR_ID,REG_DT,UPDT_USR_ID,UPDT_DT,USE_YN) values (6745922,'label','en',null,'wac.lbl.roDt','roDt',SYSDATE,'admin',SYSDATE,null,null,'Y');
Insert into CM_0501T (MESG_SEQ,BUNDLE_NM,LANG_CD,CNTRY_CD,MESG_KEY,MESG_TXT,LST_UPDT_DT,REG_USR_ID,REG_DT,UPDT_USR_ID,UPDT_DT,USE_YN) values (6745924,'label','zh',null,'wac.lbl.reqDt','提报日期',SYSDATE,'admin',SYSDATE,null,null,'Y');
Insert into CM_0501T (MESG_SEQ,BUNDLE_NM,LANG_CD,CNTRY_CD,MESG_KEY,MESG_TXT,LST_UPDT_DT,REG_USR_ID,REG_DT,UPDT_USR_ID,UPDT_DT,USE_YN) values (3919,'label','zh',null,'global.lbl.regReason','申请原因',SYSDATE,'admin',SYSDATE,'admin',SYSDATE,'Y');
Insert into CM_0501T (MESG_SEQ,BUNDLE_NM,LANG_CD,CNTRY_CD,MESG_KEY,MESG_TXT,LST_UPDT_DT,REG_USR_ID,REG_DT,UPDT_USR_ID,UPDT_DT,USE_YN) values (3839,'label','ko',null,'global.lbl.regReason','????',SYSDATE,'admin',SYSDATE,null,null,'Y');
Insert into CM_0501T (MESG_SEQ,BUNDLE_NM,LANG_CD,CNTRY_CD,MESG_KEY,MESG_TXT,LST_UPDT_DT,REG_USR_ID,REG_DT,UPDT_USR_ID,UPDT_DT,USE_YN) values (3160,'label','ko',null,'ser.lbl.hqApproveNm','???',SYSDATE,'admin',SYSDATE,null,null,'Y');
Insert into CM_0501T (MESG_SEQ,BUNDLE_NM,LANG_CD,CNTRY_CD,MESG_KEY,MESG_TXT,LST_UPDT_DT,REG_USR_ID,REG_DT,UPDT_USR_ID,UPDT_DT,USE_YN) values (3161,'label','zh',null,'ser.lbl.hqApproveNm','判定人',SYSDATE,'admin',SYSDATE,null,null,'Y');
Insert into CM_0501T (MESG_SEQ,BUNDLE_NM,LANG_CD,CNTRY_CD,MESG_KEY,MESG_TXT,LST_UPDT_DT,REG_USR_ID,REG_DT,UPDT_USR_ID,UPDT_DT,USE_YN) values (6740983,'label','en',null,'ser.lbl.carOwner','Owner',SYSDATE,'admin2',SYSDATE,null,null,'Y');
Insert into CM_0501T (MESG_SEQ,BUNDLE_NM,LANG_CD,CNTRY_CD,MESG_KEY,MESG_TXT,LST_UPDT_DT,REG_USR_ID,REG_DT,UPDT_USR_ID,UPDT_DT,USE_YN) values (6745923,'label','ko',null,'wac.lbl.roDt','?? ??',SYSDATE,'admin',SYSDATE,null,null,'Y');
Insert into CM_0501T (MESG_SEQ,BUNDLE_NM,LANG_CD,CNTRY_CD,MESG_KEY,MESG_TXT,LST_UPDT_DT,REG_USR_ID,REG_DT,UPDT_USR_ID,UPDT_DT,USE_YN) values (6745927,'label','ko',null,'wac.lbl.reqDt','?? ??',SYSDATE,'admin',SYSDATE,null,null,'Y');
Insert into CM_0501T (MESG_SEQ,BUNDLE_NM,LANG_CD,CNTRY_CD,MESG_KEY,MESG_TXT,LST_UPDT_DT,REG_USR_ID,REG_DT,UPDT_USR_ID,UPDT_DT,USE_YN) values (6745912,'title','zh',null,'wac.title.SpecialRequestList','保修工单确认申请列表',SYSDATE,'admin',SYSDATE,null,null,'Y');
Insert into CM_0501T (MESG_SEQ,BUNDLE_NM,LANG_CD,CNTRY_CD,MESG_KEY,MESG_TXT,LST_UPDT_DT,REG_USR_ID,REG_DT,UPDT_USR_ID,UPDT_DT,USE_YN) values (6742112,'label','en',null,'ser.lbl.hqApproveNm','Judge',SYSDATE,'admin2',SYSDATE,null,null,'Y');
Insert into CM_0501T (MESG_SEQ,BUNDLE_NM,LANG_CD,CNTRY_CD,MESG_KEY,MESG_TXT,LST_UPDT_DT,REG_USR_ID,REG_DT,UPDT_USR_ID,UPDT_DT,USE_YN) values (6852,'label','zh',null,'ser.lbl.carOwner','车辆所有者',SYSDATE,'admin2',SYSDATE,'test1',SYSDATE,'Y');
Insert into CM_0501T (MESG_SEQ,BUNDLE_NM,LANG_CD,CNTRY_CD,MESG_KEY,MESG_TXT,LST_UPDT_DT,REG_USR_ID,REG_DT,UPDT_USR_ID,UPDT_DT,USE_YN) values (6853,'label','ko',null,'ser.lbl.carOwner','?????',SYSDATE,'admin2',SYSDATE,null,null,'Y');
Insert into CM_0501T (MESG_SEQ,BUNDLE_NM,LANG_CD,CNTRY_CD,MESG_KEY,MESG_TXT,LST_UPDT_DT,REG_USR_ID,REG_DT,UPDT_USR_ID,UPDT_DT,USE_YN) values (6738681,'label','en',null,'global.lbl.regReason','Reason for Abnormal Issuance',SYSDATE,'admin2',SYSDATE,null,null,'Y');
Insert into CM_0501T (MESG_SEQ,BUNDLE_NM,LANG_CD,CNTRY_CD,MESG_KEY,MESG_TXT,LST_UPDT_DT,REG_USR_ID,REG_DT,UPDT_USR_ID,UPDT_DT,USE_YN) values (6745880,'label','zh',null,'ser.lbl.overruleReason','驳回原因',SYSDATE,'admin',SYSDATE,null,null,'Y');
Insert into CM_0501T (MESG_SEQ,BUNDLE_NM,LANG_CD,CNTRY_CD,MESG_KEY,MESG_TXT,LST_UPDT_DT,REG_USR_ID,REG_DT,UPDT_USR_ID,UPDT_DT,USE_YN) values (6745881,'label','zh',null,'ser.lbl.rejectReason','审核原因',SYSDATE,'admin',SYSDATE,null,null,'Y');
Insert into CM_0501T (MESG_SEQ,BUNDLE_NM,LANG_CD,CNTRY_CD,MESG_KEY,MESG_TXT,LST_UPDT_DT,REG_USR_ID,REG_DT,UPDT_USR_ID,UPDT_DT,USE_YN) values (6745882,'label','zh',null,'ser.lbl.applyReasonTp','申请原因分类',SYSDATE,'admin',SYSDATE,'admin',SYSDATE,'Y');
Insert into CM_0501T (MESG_SEQ,BUNDLE_NM,LANG_CD,CNTRY_CD,MESG_KEY,MESG_TXT,LST_UPDT_DT,REG_USR_ID,REG_DT,UPDT_USR_ID,UPDT_DT,USE_YN) values (6745883,'label','zh',null,'ser.lbl.requestUsr','申请人',SYSDATE,'admin',SYSDATE,null,null,'Y');
Insert into CM_0501T (MESG_SEQ,BUNDLE_NM,LANG_CD,CNTRY_CD,MESG_KEY,MESG_TXT,LST_UPDT_DT,REG_USR_ID,REG_DT,UPDT_USR_ID,UPDT_DT,USE_YN) values (6745884,'label','zh',null,'ser.lbl.requestUsrPost','申请人岗位',SYSDATE,'admin',SYSDATE,null,null,'Y');
Insert into CM_0501T (MESG_SEQ,BUNDLE_NM,LANG_CD,CNTRY_CD,MESG_KEY,MESG_TXT,LST_UPDT_DT,REG_USR_ID,REG_DT,UPDT_USR_ID,UPDT_DT,USE_YN) values (6745885,'label','zh',null,'ser.lbl.requestUsrPhoneNo','申请人手机号',SYSDATE,'admin',SYSDATE,null,null,'Y');
Insert into CM_0501T (MESG_SEQ,BUNDLE_NM,LANG_CD,CNTRY_CD,MESG_KEY,MESG_TXT,LST_UPDT_DT,REG_USR_ID,REG_DT,UPDT_USR_ID,UPDT_DT,USE_YN) values (6745886,'title','zh',null,'ser.title.attachedFileInfo','附件信息',SYSDATE,'admin',SYSDATE,null,null,'Y');
Insert into CM_0501T (MESG_SEQ,BUNDLE_NM,LANG_CD,CNTRY_CD,MESG_KEY,MESG_TXT,LST_UPDT_DT,REG_USR_ID,REG_DT,UPDT_USR_ID,UPDT_DT,USE_YN) values (6745908,'label','zh',null,'ser.lbl.driverPhoneNo','送修人手机号',SYSDATE,'admin',SYSDATE,null,null,'Y');
Insert into CM_0501T (MESG_SEQ,BUNDLE_NM,LANG_CD,CNTRY_CD,MESG_KEY,MESG_TXT,LST_UPDT_DT,REG_USR_ID,REG_DT,UPDT_USR_ID,UPDT_DT,USE_YN) values (6745913,'title','en',null,'wac.title.SpecialRequestList','SpecialRequestList',SYSDATE,'admin',SYSDATE,null,null,'Y');
Insert into CM_0501T (MESG_SEQ,BUNDLE_NM,LANG_CD,CNTRY_CD,MESG_KEY,MESG_TXT,LST_UPDT_DT,REG_USR_ID,REG_DT,UPDT_USR_ID,UPDT_DT,USE_YN) values (6745914,'title','ko',null,'wac.title.SpecialRequestList','???? ??? ?? ?? ??',SYSDATE,'admin',SYSDATE,null,null,'Y');
Insert into CM_0501T (MESG_SEQ,BUNDLE_NM,LANG_CD,CNTRY_CD,MESG_KEY,MESG_TXT,LST_UPDT_DT,REG_USR_ID,REG_DT,UPDT_USR_ID,UPDT_DT,USE_YN) values (6745916,'title','en',null,'wac.title.SpecialRequest','SpecialRequest',SYSDATE,'admin',SYSDATE,null,null,'Y');
Insert into CM_0501T (MESG_SEQ,BUNDLE_NM,LANG_CD,CNTRY_CD,MESG_KEY,MESG_TXT,LST_UPDT_DT,REG_USR_ID,REG_DT,UPDT_USR_ID,UPDT_DT,USE_YN) values (6745918,'title','en',null,'wac.title.message','SpecialMessage',SYSDATE,'admin',SYSDATE,null,null,'Y');
Insert into CM_0501T (MESG_SEQ,BUNDLE_NM,LANG_CD,CNTRY_CD,MESG_KEY,MESG_TXT,LST_UPDT_DT,REG_USR_ID,REG_DT,UPDT_USR_ID,UPDT_DT,USE_YN) values (6745919,'title','zh',null,'wac.title.message','特殊提报信息',SYSDATE,'admin',SYSDATE,null,null,'Y');


--共同编码   
--单据状态
insert into "DMSDB"."CM_0301T" ("CMM_GRP_CD", "CMM_GRP_CD_NM", "REMARK", "USE_YN", "REG_USR_ID", "REG_DT", "UPDT_USR_ID", "UPDT_DT", "REMARK_TITLE_NM", "SYS_CD_YN") values ('SER601', '保修索赔工单确认申请的审批状态', null, 'Y', 'admin', SYSDATE, 'admin', SYSDATE, null, 'Y');

insert into "DMSDB"."CM_0302T" ("CMM_GRP_CD", "LANG_CD", "CMM_GRP_CD_TXT", "REG_USR_ID", "REG_DT", "UPDT_USR_ID", "UPDT_DT", "REMARK_TITLE_NM") values ('SER601', 'en', 'approval status', 'admin', SYSDATE, null, null, null);
insert into "DMSDB"."CM_0302T" ("CMM_GRP_CD", "LANG_CD", "CMM_GRP_CD_TXT", "REG_USR_ID", "REG_DT", "UPDT_USR_ID", "UPDT_DT", "REMARK_TITLE_NM") values ('SER601', 'ko', '?? ??', 'admin', SYSDATE, null, null, null);
insert into "DMSDB"."CM_0302T" ("CMM_GRP_CD", "LANG_CD", "CMM_GRP_CD_TXT", "REG_USR_ID", "REG_DT", "UPDT_USR_ID", "UPDT_DT", "REMARK_TITLE_NM") values ('SER601', 'zh', '审批状态', 'admin', SYSDATE, null, null, null);

insert into "DMSDB"."CM_0303T" ("CMM_CD", "CMM_GRP_CD", "CMM_CD_NM", "REMARK1", "REMARK2", "REMARK3", "REMARK4", "REMARK5", "REMARK6", "REMARK7", "REMARK8", "REMARK9", "REMARK10", "USE_YN", "SORT_ORDER", "REG_USR_ID", "REG_DT", "UPDT_USR_ID", "UPDT_DT") values ('00', 'SER601', '保存', null, null, null, null, null, null, null, null, null, null, 'Y', 1, 'admin',SYSDATE, null, null);
insert into "DMSDB"."CM_0303T" ("CMM_CD", "CMM_GRP_CD", "CMM_CD_NM", "REMARK1", "REMARK2", "REMARK3", "REMARK4", "REMARK5", "REMARK6", "REMARK7", "REMARK8", "REMARK9", "REMARK10", "USE_YN", "SORT_ORDER", "REG_USR_ID", "REG_DT", "UPDT_USR_ID", "UPDT_DT") values ('04', 'SER601', '驳回', null, null, null, null, null, null, null, null, null, null, 'Y', 5, 'admin', SYSDATE, null, null);
insert into "DMSDB"."CM_0303T" ("CMM_CD", "CMM_GRP_CD", "CMM_CD_NM", "REMARK1", "REMARK2", "REMARK3", "REMARK4", "REMARK5", "REMARK6", "REMARK7", "REMARK8", "REMARK9", "REMARK10", "USE_YN", "SORT_ORDER", "REG_USR_ID", "REG_DT", "UPDT_USR_ID", "UPDT_DT") values ('01', 'SER601', '提报', null, null, null, null, null, null, null, null, null, null, 'Y', 2, 'admin',SYSDATE, null, null);
insert into "DMSDB"."CM_0303T" ("CMM_CD", "CMM_GRP_CD", "CMM_CD_NM", "REMARK1", "REMARK2", "REMARK3", "REMARK4", "REMARK5", "REMARK6", "REMARK7", "REMARK8", "REMARK9", "REMARK10", "USE_YN", "SORT_ORDER", "REG_USR_ID", "REG_DT", "UPDT_USR_ID", "UPDT_DT") values ('02', 'SER601', '通过', null, null, null, null, null, null, null, null, null, null, 'Y', 3, 'admin', SYSDATE, null, null);
insert into "DMSDB"."CM_0303T" ("CMM_CD", "CMM_GRP_CD", "CMM_CD_NM", "REMARK1", "REMARK2", "REMARK3", "REMARK4", "REMARK5", "REMARK6", "REMARK7", "REMARK8", "REMARK9", "REMARK10", "USE_YN", "SORT_ORDER", "REG_USR_ID", "REG_DT", "UPDT_USR_ID", "UPDT_DT") values ('03', 'SER601', '拒绝', null, null, null, null, null, null, null, null, null, null, 'Y', 4, 'admin', SYSDATE, null, null);

insert into "DMSDB"."CM_0304T" ("CMM_CD", "LANG_CD", "CMM_CD_TXT", "REG_USR_ID", "REG_DT", "UPDT_USR_ID", "UPDT_DT", "CMM_GRP_CD") values ('03', 'zh', '已拒绝', 'admin',SYSDATE, null, null, 'SER601');
insert into "DMSDB"."CM_0304T" ("CMM_CD", "LANG_CD", "CMM_CD_TXT", "REG_USR_ID", "REG_DT", "UPDT_USR_ID", "UPDT_DT", "CMM_GRP_CD") values ('02', 'en', 'pass', 'admin', SYSDATE, null, null, 'SER601');
insert into "DMSDB"."CM_0304T" ("CMM_CD", "LANG_CD", "CMM_CD_TXT", "REG_USR_ID", "REG_DT", "UPDT_USR_ID", "UPDT_DT", "CMM_GRP_CD") values ('00', 'ko', '????', 'admin',SYSDATE, null, null, 'SER601');
insert into "DMSDB"."CM_0304T" ("CMM_CD", "LANG_CD", "CMM_CD_TXT", "REG_USR_ID", "REG_DT", "UPDT_USR_ID", "UPDT_DT", "CMM_GRP_CD") values ('01', 'zh', '已提报', 'admin',SYSDATE, null, null, 'SER601');
insert into "DMSDB"."CM_0304T" ("CMM_CD", "LANG_CD", "CMM_CD_TXT", "REG_USR_ID", "REG_DT", "UPDT_USR_ID", "UPDT_DT", "CMM_GRP_CD") values ('01', 'ko', '??', 'admin', SYSDATE, null, null, 'SER601');
insert into "DMSDB"."CM_0304T" ("CMM_CD", "LANG_CD", "CMM_CD_TXT", "REG_USR_ID", "REG_DT", "UPDT_USR_ID", "UPDT_DT", "CMM_GRP_CD") values ('00', 'zh', '已保存', 'admin',SYSDATE, null, null, 'SER601');
insert into "DMSDB"."CM_0304T" ("CMM_CD", "LANG_CD", "CMM_CD_TXT", "REG_USR_ID", "REG_DT", "UPDT_USR_ID", "UPDT_DT", "CMM_GRP_CD") values ('01', 'en', 'submit', 'admin',SYSDATE, null, null, 'SER601');
insert into "DMSDB"."CM_0304T" ("CMM_CD", "LANG_CD", "CMM_CD_TXT", "REG_USR_ID", "REG_DT", "UPDT_USR_ID", "UPDT_DT", "CMM_GRP_CD") values ('02', 'zh', '已通过', 'admin', SYSDATE, null, null, 'SER601');
insert into "DMSDB"."CM_0304T" ("CMM_CD", "LANG_CD", "CMM_CD_TXT", "REG_USR_ID", "REG_DT", "UPDT_USR_ID", "UPDT_DT", "CMM_GRP_CD") values ('03', 'en', 'refuse', 'admin', SYSDATE, null, null, 'SER601');
insert into "DMSDB"."CM_0304T" ("CMM_CD", "LANG_CD", "CMM_CD_TXT", "REG_USR_ID", "REG_DT", "UPDT_USR_ID", "UPDT_DT", "CMM_GRP_CD") values ('03', 'ko', '????', 'admin', SYSDATE, null, null, 'SER601');
insert into "DMSDB"."CM_0304T" ("CMM_CD", "LANG_CD", "CMM_CD_TXT", "REG_USR_ID", "REG_DT", "UPDT_USR_ID", "UPDT_DT", "CMM_GRP_CD") values ('04', 'ko', '????.????', 'admin', SYSDATE, null, null, 'SER601');
insert into "DMSDB"."CM_0304T" ("CMM_CD", "LANG_CD", "CMM_CD_TXT", "REG_USR_ID", "REG_DT", "UPDT_USR_ID", "UPDT_DT", "CMM_GRP_CD") values ('04', 'en', 'reject', 'admin', SYSDATE, null, null, 'SER601');
insert into "DMSDB"."CM_0304T" ("CMM_CD", "LANG_CD", "CMM_CD_TXT", "REG_USR_ID", "REG_DT", "UPDT_USR_ID", "UPDT_DT", "CMM_GRP_CD") values ('04', 'zh', '已驳回', 'admin',SYSDATE, null, null, 'SER601');
insert into "DMSDB"."CM_0304T" ("CMM_CD", "LANG_CD", "CMM_CD_TXT", "REG_USR_ID", "REG_DT", "UPDT_USR_ID", "UPDT_DT", "CMM_GRP_CD") values ('00', 'en', 'save', 'admin', SYSDATE, null, null, 'SER601');
insert into "DMSDB"."CM_0304T" ("CMM_CD", "LANG_CD", "CMM_CD_TXT", "REG_USR_ID", "REG_DT", "UPDT_USR_ID", "UPDT_DT", "CMM_GRP_CD") values ('02', 'ko', '????.', 'admin', SYSDATE, null, null, 'SER601');






--申请原因类别
select * from CM_0301T c where c.CMM_GRP_CD='SER602';
insert into "DMSDB"."CM_0301T" ("CMM_GRP_CD", "CMM_GRP_CD_NM", "REMARK", "USE_YN", "REG_USR_ID", "REG_DT", "UPDT_USR_ID", "UPDT_DT", "REMARK_TITLE_NM", "SYS_CD_YN") values ('SER602', '申请原因类别', null, 'Y', 'admin', SYSDATE, 'admin',SYSDATE, null, 'Y');


insert into "DMSDB"."CM_0302T" ("CMM_GRP_CD", "LANG_CD", "CMM_GRP_CD_TXT", "REG_USR_ID", "REG_DT", "UPDT_USR_ID", "UPDT_DT", "REMARK_TITLE_NM") values ('SER602', 'en', 'sreqReasonTp', 'admin', SYSDATE, null, null, null);
insert into "DMSDB"."CM_0302T" ("CMM_GRP_CD", "LANG_CD", "CMM_GRP_CD_TXT", "REG_USR_ID", "REG_DT", "UPDT_USR_ID", "UPDT_DT", "REMARK_TITLE_NM") values ('SER602', 'ko', '?? ??', 'admin', SYSDATE, null, null, null);
insert into "DMSDB"."CM_0302T" ("CMM_GRP_CD", "LANG_CD", "CMM_GRP_CD_TXT", "REG_USR_ID", "REG_DT", "UPDT_USR_ID", "UPDT_DT", "REMARK_TITLE_NM") values ('SER602', 'zh', '申请原因类别', 'admin', SYSDATE, null, null, null);


insert into "DMSDB"."CM_0303T" ("CMM_CD", "CMM_GRP_CD", "CMM_CD_NM", "REMARK1", "REMARK2", "REMARK3", "REMARK4", "REMARK5", "REMARK6", "REMARK7", "REMARK8", "REMARK9", "REMARK10", "USE_YN", "SORT_ORDER", "REG_USR_ID", "REG_DT", "UPDT_USR_ID", "UPDT_DT") values ('01', 'SER602', '厂家原因', null, null, null, null, null, null, null, null, null, null, 'Y', 1, 'admin',SYSDATE, null, null);
insert into "DMSDB"."CM_0303T" ("CMM_CD", "CMM_GRP_CD", "CMM_CD_NM", "REMARK1", "REMARK2", "REMARK3", "REMARK4", "REMARK5", "REMARK6", "REMARK7", "REMARK8", "REMARK9", "REMARK10", "USE_YN", "SORT_ORDER", "REG_USR_ID", "REG_DT", "UPDT_USR_ID", "UPDT_DT") values ('02', 'SER602', '客户原因', null, null, null, null, null, null, null, null, null, null, 'Y', 5, 'admin', SYSDATE, null, null);
insert into "DMSDB"."CM_0303T" ("CMM_CD", "CMM_GRP_CD", "CMM_CD_NM", "REMARK1", "REMARK2", "REMARK3", "REMARK4", "REMARK5", "REMARK6", "REMARK7", "REMARK8", "REMARK9", "REMARK10", "USE_YN", "SORT_ORDER", "REG_USR_ID", "REG_DT", "UPDT_USR_ID", "UPDT_DT") values ('03', 'SER602', '经销商原因', null, null, null, null, null, null, null, null, null, null, 'Y', 2, 'admin',SYSDATE, null, null);
insert into "DMSDB"."CM_0303T" ("CMM_CD", "CMM_GRP_CD", "CMM_CD_NM", "REMARK1", "REMARK2", "REMARK3", "REMARK4", "REMARK5", "REMARK6", "REMARK7", "REMARK8", "REMARK9", "REMARK10", "USE_YN", "SORT_ORDER", "REG_USR_ID", "REG_DT", "UPDT_USR_ID", "UPDT_DT") values ('04', 'SER602', '其他原因', null, null, null, null, null, null, null, null, null, null, 'Y', 3, 'admin', SYSDATE, null, null);


insert into "DMSDB"."CM_0304T" ("CMM_CD", "LANG_CD", "CMM_CD_TXT", "REG_USR_ID", "REG_DT", "UPDT_USR_ID", "UPDT_DT", "CMM_GRP_CD") values ('01', 'zh', '厂家原因', 'admin',SYSDATE, null, null, 'SER602');
insert into "DMSDB"."CM_0304T" ("CMM_CD", "LANG_CD", "CMM_CD_TXT", "REG_USR_ID", "REG_DT", "UPDT_USR_ID", "UPDT_DT", "CMM_GRP_CD") values ('01', 'en', 'vender', 'admin', SYSDATE, null, null, 'SER602');
insert into "DMSDB"."CM_0304T" ("CMM_CD", "LANG_CD", "CMM_CD_TXT", "REG_USR_ID", "REG_DT", "UPDT_USR_ID", "UPDT_DT", "CMM_GRP_CD") values ('01', 'ko', '?? ?? ??', 'admin', SYSDATE, null, null, 'SER602');

insert into "DMSDB"."CM_0304T" ("CMM_CD", "LANG_CD", "CMM_CD_TXT", "REG_USR_ID", "REG_DT", "UPDT_USR_ID", "UPDT_DT", "CMM_GRP_CD") values ('02', 'zh', '客户原因', 'admin', SYSDATE, null, null, 'SER602');
insert into "DMSDB"."CM_0304T" ("CMM_CD", "LANG_CD", "CMM_CD_TXT", "REG_USR_ID", "REG_DT", "UPDT_USR_ID", "UPDT_DT", "CMM_GRP_CD") values ('02', 'en', 'client', 'admin',SYSDATE, null, null, 'SER602');
insert into "DMSDB"."CM_0304T" ("CMM_CD", "LANG_CD", "CMM_CD_TXT", "REG_USR_ID", "REG_DT", "UPDT_USR_ID", "UPDT_DT", "CMM_GRP_CD") values ('02', 'ko', '?? ??', 'admin', SYSDATE, null, null, 'SER602');

insert into "DMSDB"."CM_0304T" ("CMM_CD", "LANG_CD", "CMM_CD_TXT", "REG_USR_ID", "REG_DT", "UPDT_USR_ID", "UPDT_DT", "CMM_GRP_CD") values ('03', 'zh', '经销商原因', 'admin',SYSDATE, null, null, 'SER602');
insert into "DMSDB"."CM_0304T" ("CMM_CD", "LANG_CD", "CMM_CD_TXT", "REG_USR_ID", "REG_DT", "UPDT_USR_ID", "UPDT_DT", "CMM_GRP_CD") values ('03', 'en', 'dealer', 'admin', SYSDATE, null, null, 'SER602');
insert into "DMSDB"."CM_0304T" ("CMM_CD", "LANG_CD", "CMM_CD_TXT", "REG_USR_ID", "REG_DT", "UPDT_USR_ID", "UPDT_DT", "CMM_GRP_CD") values ('03', 'ko', '???? ??, 'admin',SYSDATE, null, null, 'SER602');

insert into "DMSDB"."CM_0304T" ("CMM_CD", "LANG_CD", "CMM_CD_TXT", "REG_USR_ID", "REG_DT", "UPDT_USR_ID", "UPDT_DT", "CMM_GRP_CD") values ('04', 'zh', '其他原因', 'admin', SYSDATE, null, null, 'SER602');
insert into "DMSDB"."CM_0304T" ("CMM_CD", "LANG_CD", "CMM_CD_TXT", "REG_USR_ID", "REG_DT", "UPDT_USR_ID", "UPDT_DT", "CMM_GRP_CD") values ('04', 'en', 'rest ', 'admin',SYSDATE, null, null, 'SER602');
insert into "DMSDB"."CM_0304T" ("CMM_CD", "LANG_CD", "CMM_CD_TXT", "REG_USR_ID", "REG_DT", "UPDT_USR_ID", "UPDT_DT", "CMM_GRP_CD") values ('04', 'ko', '?? ??', 'admin',SYSDATE, null, null, 'SER602');